<?xml version="1.0" encoding="UTF-8"?>
<project-private xmlns="http://www.netbeans.org/ns/project-private/1">
    <editor-bookmarks xmlns="http://www.netbeans.org/ns/editor-bookmarks/2" lastBookmarkId="0"/>
    <open-files xmlns="http://www.netbeans.org/ns/projectui-open-files/2">
        <group>
            <file>file:/Users/timhoangt/Documents/GitHub/MyCharliePlugins/src/charlie/client/BasicStrategy.java</file>
            <file>file:/Users/timhoangt/Documents/GitHub/MyCharliePlugins/src/charlie/server/bot/BotBasicStrategy.java</file>
            <file>file:/Users/timhoangt/Documents/GitHub/MyCharliePlugins/src/charlie/server/bot/Huey.java</file>
            <file>file:/Users/timhoangt/Documents/GitHub/MyCharliePlugins/src/charlie/client/Advisor.java</file>
        </group>
    </open-files>
</project-private>
